[{
  "_id": {
    "$oid": "682ccc370e535e835af195d4"
  },
  "name": "Toyota",
  "country": "Japón",
  "__v": 0
},
{
  "_id": {
    "$oid": "682ccc500e535e835af195d6"
  },
  "name": "Honda",
  "country": "Japón",
  "__v": 0
},
{
  "_id": {
    "$oid": "682ccc6f0e535e835af195d8"
  },
  "name": "Ford",
  "country": "Estados Unidos",
  "__v": 0
},
{
  "_id": {
    "$oid": "682ccc7f0e535e835af195da"
  },
  "name": "BMW",
  "country": "Alemania",
  "__v": 0
},
{
  "_id": {
    "$oid": "682ccc900e535e835af195dc"
  },
  "name": "Hyundai",
  "country": "Corea del Sur",
  "__v": 0
},
{
  "_id": {
    "$oid": "682cccbd0e535e835af195de"
  },
  "name": "Yamaha",
  "country": "Japón",
  "__v": 0
},
{
  "_id": {
    "$oid": "682cccc20e535e835af195e0"
  },
  "name": "Kawasaki",
  "country": "Japón",
  "__v": 0
}]